marker_a,marker_b,gate,n_patients,tumor_q10,tumor_median,tumor_mean,benign_prostate_median,benign_prostate_worst,worst_healthy_all,worst_healthy_all_tissue,worst_healthy_all_celltype,worst_healthy_xprostate,worst_xp_tissue,worst_xp_celltype,worst_xp_n_donors,worst_xp_n_cells,worst_all_n_donors,worst_all_n_cells,malignant_vs_benign,selectivity_xprostate,on_frontier
STEAP2,TMPRSS2,AND,18,0.8567099690437316,0.92616755,0.9173453,0.28188014,0.5733333,0.85128206,prostate gland,luminal cell of prostate epithelium,0.5467964,bladder organ,bladder urothelial cell,6,26663,3,10277,0.6442874,0.37937117,True
STEAP2,EPCAM,AND,18,0.7444593131542205,0.9251132,0.8895107,0.3291402,0.5379538,0.5773494,prostate gland,luminal cell of prostate epithelium,0.51103663,bladder organ,bladder urothelial cell,6,26663,3,10277,0.595973,0.41407657,True
STEAP1,CD46,AND,18,0.7388589084148407,0.8482089,0.82611465,0.3255635,0.5412541,0.68289155,prostate gland,luminal cell of prostate epithelium,0.448972,bladder organ,bladder urothelial cell,6,26663,3,10277,0.5226454,0.39923692,True
STEAP1,STEAP2,AND,18,0.722748464345932,0.85459507,0.84674335,0.2530443,0.60888886,0.67421687,prostate gland,luminal cell of prostate epithelium,0.32668775,lung,respiratory goblet cell,4,978,3,10277,0.60155076,0.5279073,True
STEAP2,HPN,AND,18,0.5237797439098358,0.68848485,0.6769597,0.067239255,0.37777779,0.24871795,prostate gland,luminal cell of prostate epithelium,0.23038961,pancreas,type B pancreatic cell,2,102,3,10277,0.6212456,0.45809525,True
STEAP1,HPN,AND,18,0.4758865267038345,0.64734924,0.636146,0.06336045,0.3288889,0.2106024,prostate gland,luminal cell of prostate epithelium,0.16628249,liver,hepatocyte,4,7400,3,10277,0.5839888,0.48106676,True
FOLH1,HPN,AND,18,0.2479711145162582,0.5229412,0.5185651,0.026513025,0.36,0.22843373,prostate gland,luminal cell of prostate epithelium,0.09283841,liver,hepatocyte,4,7400,3,10277,0.49642813,0.43010277,True
STEAP1,TMEFF2,AND,18,0.0843448281288146,0.34136453,0.37651217,0.01603295,0.50666666,0.22820513,prostate gland,luminal cell of prostate epithelium,0.05882353,musculature,epithelial cell,2,48,3,10277,0.32533157,0.282541,True
TMEFF2,CD276,AND,18,0.0193138279020786,0.07210393,0.1322133,0.0041788844,0.08444444,0.101686746,prostate gland,luminal cell of prostate epithelium,0.05,tongue,taste receptor cell,2,29,3,10277,0.06792505,0.022103932,True
GRPR,SLC34A1,AND,18,0.0,0.0,0.0,0.0,0.0,4.7659898e-05,exocrine gland,luminal epithelial cell of mammary gland,4.7659898e-05,exocrine gland,luminal epithelial cell of mammary gland,2,15332,2,15332,0.0,-4.7659898e-05,True
STEAP2,CD46,AND,18,0.8345638453960419,0.9141776,0.904412,0.3468404,0.5973597,0.86650604,prostate gland,luminal cell of prostate epithelium,0.6383317,bladder organ,bladder urothelial cell,6,26663,3,10277,0.56733716,0.2758459,False
TMPRSS2,CD46,AND,18,0.7728453695774078,0.9036878,0.89184594,0.33922404,0.59292036,0.8947368,respiratory system,mucus secreting cell,0.8947368,respiratory system,mucus secreting cell,5,269,5,269,0.56446373,0.008950949,False
STEAP2,TACSTD2,AND,18,0.7675384461879731,0.89919615,0.8786433,0.36386633,0.5940594,0.6626506,prostate gland,luminal cell of prostate epithelium,0.64135087,bladder organ,bladder urothelial cell,6,26663,3,10277,0.5353298,0.25784528,False
TMPRSS2,EPCAM,AND,18,0.749988853931427,0.92111707,0.87914777,0.33061022,0.59292036,0.8868093,colon,enterocyte of epithelium of large intestine,0.8868093,colon,enterocyte of epithelium of large intestine,3,3666,3,3666,0.59050685,0.034307778,False
TACSTD2,CD46,AND,18,0.7417129218578339,0.8714075,0.86302584,0.5312636,0.75287354,0.9468085,tongue,salivary gland cell,0.9468085,tongue,salivary gland cell,2,734,2,734,0.34014392,-0.07540101,False
TMPRSS2,TACSTD2,AND,18,0.7329230964183807,0.8844461,0.8665971,0.36478668,0.6017699,0.8947368,respiratory system,mucus secreting cell,0.8947368,respiratory system,mucus secreting cell,5,269,5,269,0.5196594,-0.010290742,False
EPCAM,CD46,AND,18,0.729623156785965,0.89309764,0.873204,0.4510433,0.6877395,0.9285714,exocrine gland,ionocyte,0.9285714,exocrine gland,ionocyte,3,139,3,139,0.44205433,-0.035473764,False
TACSTD2,EPCAM,AND,18,0.706855171918869,0.8844445,0.8547018,0.4903453,0.66283524,0.94736844,respiratory system,mucus secreting cell,0.94736844,respiratory system,mucus secreting cell,5,269,5,269,0.39409918,-0.06292397,False
STEAP1,TMPRSS2,AND,18,0.6998159348964691,0.84336674,0.8354623,0.24520615,0.49834985,0.67228913,prostate gland,luminal cell of prostate epithelium,0.4006279,bladder organ,bladder urothelial cell,6,26663,3,10277,0.5981606,0.44273883,False
STEAP1,TACSTD2,AND,18,0.6886153995990754,0.83697397,0.80343926,0.34917158,0.5445545,0.5677108,prostate gland,luminal cell of prostate epithelium,0.4893328,lung,respiratory goblet cell,4,978,3,10277,0.4878024,0.34764117,False
STEAP1,EPCAM,AND,18,0.6673246264457703,0.8500061,0.8183596,0.29955268,0.48514852,0.4939759,prostate gland,luminal cell of prostate epithelium,0.4651635,lung,respiratory goblet cell,4,978,3,10277,0.5504534,0.3848426,False
STEAP4,TMPRSS2,AND,18,0.6284967541694642,0.75992846,0.754483,0.20920548,0.4977778,0.7106261,lung,pulmonary alveolar type 2 cell,0.7106261,lung,pulmonary alveolar type 2 cell,4,10845,4,10845,0.55072296,0.04930234,False
STEAP2,STEAP4,AND,18,0.6226428925991059,0.74750125,0.7647225,0.18820721,0.60444444,0.56096387,prostate gland,luminal cell of prostate epithelium,0.5164285,lung,respiratory goblet cell,4,978,3,10277,0.55929404,0.23107278,False
STEAP2,CDH1,AND,18,0.5782584846019745,0.79834056,0.755785,0.26462483,0.50165015,0.8313253,prostate gland,luminal cell of prostate epithelium,0.636322,bladder organ,bladder urothelial cell,6,26663,3,10277,0.5337157,0.16201854,False
STEAP4,TACSTD2,AND,18,0.5694117903709411,0.7073815,0.7285085,0.22888596,0.41777778,0.8144189,lung,respiratory goblet cell,0.8144189,lung,respiratory goblet cell,4,978,4,978,0.47849554,-0.107037425,False
STEAP2,ADAM9,AND,18,0.563034200668335,0.6241026,0.650079,0.18623257,0.36,0.62361443,prostate gland,luminal cell of prostate epithelium,0.57978976,bladder organ,bladder urothelial cell,6,26663,3,10277,0.43787003,0.044312835,False
STEAP4,EPCAM,AND,18,0.5588567316532135,0.7150738,0.72911626,0.21059114,0.40888888,0.77449083,lung,respiratory goblet cell,0.77449083,lung,respiratory goblet cell,4,978,4,978,0.5044827,-0.05941701,False
STEAP1,CDH1,AND,18,0.55695139169693,0.7405002,0.7024208,0.23567025,0.46534654,0.66361445,prostate gland,luminal cell of prostate epithelium,0.4547996,lung,respiratory goblet cell,4,978,3,10277,0.50482994,0.28570062,False
TMPRSS2,CDH1,AND,18,0.5550427615642548,0.74799836,0.7478435,0.2484402,0.49174917,0.8947368,respiratory system,mucus secreting cell,0.8947368,respiratory system,mucus secreting cell,5,269,5,269,0.49955815,-0.14673847,False
STEAP4,CD46,AND,18,0.5489636123180389,0.74184227,0.74061346,0.23770621,0.45333335,0.7941321,lung,pulmonary alveolar type 2 cell,0.7941321,lung,pulmonary alveolar type 2 cell,4,10845,4,10845,0.5041361,-0.052289844,False
EPCAM,CDH1,AND,18,0.5441133677959442,0.8023088,0.7377853,0.31568104,0.5804598,0.9681159,small intestine,paneth cell of epithelium of small intestine,0.9681159,small intestine,paneth cell of epithelium of small intestine,5,1657,5,1657,0.48662776,-0.16580713,False
CDH1,CD46,AND,18,0.541558301448822,0.78535354,0.74927926,0.34372824,0.60536397,0.9418148,bladder organ,bladder urothelial cell,0.9418148,bladder organ,bladder urothelial cell,6,26663,6,26663,0.4416253,-0.15646124,False
HPN,TMPRSS2,AND,18,0.5386032640933991,0.68848485,0.66942066,0.069638334,0.31111112,0.5831559,pancreas,pancreatic acinar cell,0.5831559,pancreas,pancreatic acinar cell,2,5482,2,5482,0.61884654,0.10532898,False
TMPRSS2,ADAM9,AND,18,0.5251153975725174,0.621022,0.6423183,0.16555873,0.37356323,0.8780488,respiratory system,mucus secreting cell,0.8780488,respiratory system,mucus secreting cell,5,269,5,269,0.45546326,-0.2570268,False
STEAP1,STEAP4,AND,18,0.5235070139169693,0.7402549,0.7067265,0.16820753,0.4977778,0.46650603,prostate gland,luminal cell of prostate epithelium,0.41342956,lung,respiratory goblet cell,4,978,3,10277,0.57204735,0.32682532,False
TACSTD2,CDH1,AND,18,0.5210726469755173,0.78616214,0.7294055,0.36740845,0.58429116,0.9578472,eye,corneal epithelial cell,0.9578472,eye,corneal epithelial cell,3,4179,3,4179,0.41875368,-0.17168504,False
HPN,CD46,AND,18,0.5066778749227524,0.6767677,0.65525824,0.090627685,0.28,0.61627233,pancreas,pancreatic acinar cell,0.61627233,pancreas,pancreatic acinar cell,2,5482,2,5482,0.58614004,0.060495377,False
CD46,ADAM9,AND,18,0.5055555760860443,0.61843336,0.6418931,0.2674296,0.46551725,0.9166667,respiratory system,mucus secreting cell,0.9166667,respiratory system,mucus secreting cell,5,269,5,269,0.35100377,-0.29823333,False
HPN,EPCAM,AND,18,0.5055243521928787,0.66570514,0.6573902,0.08326644,0.27555555,0.61259353,pancreas,pancreatic acinar cell,0.61259353,pancreas,pancreatic acinar cell,2,5482,2,5482,0.5824387,0.053111613,False
HPN,TACSTD2,AND,18,0.5003039509057998,0.6625,0.6491863,0.097997636,0.24,0.43678093,pancreas,pancreatic acinar cell,0.43678093,pancreas,pancreatic acinar cell,2,5482,2,5482,0.56450236,0.2257191,False
FOLH1,STEAP2,AND,18,0.4844780176877976,0.72646415,0.71068037,0.09115643,0.6711111,0.5820513,prostate gland,luminal cell of prostate epithelium,0.31578946,respiratory system,mucus secreting cell,5,269,3,10277,0.6353077,0.4106747,False
TACSTD2,ADAM9,AND,18,0.4819444477558136,0.602353,0.62271935,0.27689752,0.4559387,0.94736844,respiratory system,mucus secreting cell,0.94736844,respiratory system,mucus secreting cell,5,269,5,269,0.32545546,-0.34501547,False
STEAP4,CDH1,AND,18,0.4805882424116134,0.62217927,0.627548,0.18787831,0.32343236,0.77218866,lung,pulmonary alveolar type 2 cell,0.77218866,lung,pulmonary alveolar type 2 cell,4,10845,4,10845,0.43430096,-0.1500094,False
EPCAM,ADAM9,AND,18,0.4743923991918564,0.625384,0.6296628,0.22131683,0.44252872,0.9268293,respiratory system,mucus secreting cell,0.9268293,respiratory system,mucus secreting cell,5,269,5,269,0.40406716,-0.3014453,False
FOLH1,TMPRSS2,AND,18,0.4732600957155228,0.73508483,0.7009976,0.094516516,0.52444446,0.68512094,small intestine,enterocyte of epithelium proper of duodenum,0.68512094,small intestine,enterocyte of epithelium proper of duodenum,4,13488,4,13488,0.6405683,0.04996389,False
FOLH1,CD46,AND,18,0.4679487198591233,0.73111653,0.6882131,0.09437658,0.51555556,0.7576271,small intestine,paneth cell of epithelium of small intestine,0.7576271,small intestine,paneth cell of epithelium of small intestine,5,1657,5,1657,0.63673997,-0.026510596,False
STEAP1,ADAM9,AND,18,0.4608974277973175,0.59763515,0.6035572,0.17387335,0.31555554,0.5257831,prostate gland,luminal cell of prostate epithelium,0.423365,lung,respiratory goblet cell,4,978,3,10277,0.42376179,0.17427015,False
FOLH1,STEAP1,AND,18,0.449725267291069,0.6872707,0.65893745,0.086097404,0.5644444,0.5166265,prostate gland,luminal cell of prostate epithelium,0.16666667,respiratory system,mucus secreting cell,5,269,3,10277,0.6011733,0.520604,False
FOLH1,TACSTD2,AND,18,0.4385073244571686,0.71320343,0.6740639,0.092207044,0.43555555,0.4795181,prostate gland,luminal cell of prostate epithelium,0.41463414,respiratory system,mucus secreting cell,5,269,3,10277,0.62099636,0.2985693,False
FOLH1,EPCAM,AND,18,0.4365384548902511,0.72168356,0.6721623,0.085982636,0.46666667,0.8338983,small intestine,paneth cell of epithelium of small intestine,0.8338983,small intestine,paneth cell of epithelium of small intestine,5,1657,5,1657,0.63570094,-0.112214744,False
CDH1,ADAM9,AND,18,0.4153846204280853,0.5543735,0.5575827,0.17725995,0.4099617,0.94736844,respiratory system,mucus secreting cell,0.94736844,respiratory system,mucus secreting cell,5,269,5,269,0.37711355,-0.39299494,False
HPN,CDH1,AND,18,0.4073961585760117,0.5643236,0.559139,0.06522977,0.1578125,0.6374949,pancreas,pancreatic acinar cell,0.6374949,pancreas,pancreatic acinar cell,2,5482,2,5482,0.49909383,-0.07317132,False
STEAP4,ADAM9,AND,18,0.3992307752370834,0.53810596,0.5562472,0.13779786,0.31555554,0.70731705,respiratory system,mucus secreting cell,0.70731705,respiratory system,mucus secreting cell,5,269,5,269,0.4003081,-0.16921109,False
FOLH1,CDH1,AND,18,0.3653388366103172,0.59786326,0.5785024,0.08219841,0.339934,0.7884058,small intestine,paneth cell of epithelium of small intestine,0.7884058,small intestine,paneth cell of epithelium of small intestine,5,1657,5,1657,0.5156648,-0.19054252,False
STEAP4,HPN,AND,18,0.3632941275835037,0.57259184,0.5646272,0.045073643,0.2888889,0.47576505,lung,pulmonary alveolar type 2 cell,0.47576505,lung,pulmonary alveolar type 2 cell,4,10845,4,10845,0.5275182,0.09682679,False
FOLH1,STEAP4,AND,18,0.3561904847621918,0.5915792,0.59096205,0.06995322,0.56,0.4173494,prostate gland,luminal cell of prostate epithelium,0.31707317,respiratory system,mucus secreting cell,5,269,3,10277,0.521626,0.27450603,False
HPN,ADAM9,AND,18,0.3213747918605804,0.47727275,0.4862653,0.045881215,0.19555555,0.3564912,lung,pulmonary alveolar type 2 cell,0.3564912,lung,pulmonary alveolar type 2 cell,4,10845,4,10845,0.43139154,0.12078154,False
STEAP2,ERBB2,AND,18,0.3021179631352425,0.44418347,0.49206835,0.19179179,0.39655173,0.61060244,prostate gland,luminal cell of prostate epithelium,0.43589425,bladder organ,bladder urothelial cell,6,26663,3,10277,0.2523917,0.008289218,False
TACSTD2,ERBB2,AND,18,0.2979487255215645,0.45482177,0.48265103,0.30540782,0.5334873,0.7138756,lung,club cell,0.7138756,lung,club cell,4,1722,4,1722,0.14941394,-0.25905383,False
CD46,ERBB2,AND,18,0.2914529994130135,0.46743727,0.4906931,0.2768547,0.5555556,0.69063604,lung,club cell,0.69063604,lung,club cell,4,1722,4,1722,0.19058257,-0.22319877,False
FOLH1,ADAM9,AND,18,0.2893314987421035,0.5294118,0.50345916,0.057871494,0.34666666,0.57288134,small intestine,paneth cell of epithelium of small intestine,0.57288134,small intestine,paneth cell of epithelium of small intestine,5,1657,5,1657,0.4715403,-0.04346955,False
EPCAM,ERBB2,AND,18,0.2882491752505302,0.46215853,0.4911206,0.25655675,0.53065133,0.73000276,lung,club cell,0.73000276,lung,club cell,4,1722,4,1722,0.20560178,-0.26784423,False
TMPRSS2,ERBB2,AND,18,0.2868376150727272,0.43814784,0.48524612,0.18984386,0.42528737,0.620241,prostate gland,luminal cell of prostate epithelium,0.5833333,respiratory system,mucus secreting cell,5,269,3,10277,0.24830398,-0.14518547,False
STEAP4,ERBB2,AND,18,0.2713921681046486,0.35553056,0.40655532,0.14557621,0.30254042,0.6210155,lung,respiratory goblet cell,0.6210155,lung,respiratory goblet cell,4,978,4,978,0.20995435,-0.26548493,False
STEAP1,ERBB2,AND,18,0.2581196680665016,0.43768996,0.45760217,0.18580352,0.34653464,0.50120485,prostate gland,luminal cell of prostate epithelium,0.37505275,lung,respiratory goblet cell,4,978,3,10277,0.25188643,0.06263721,False
ADAM9,ERBB2,AND,18,0.2170159101486206,0.35326487,0.36807477,0.13648689,0.37547892,0.5833333,respiratory system,mucus secreting cell,0.5833333,respiratory system,mucus secreting cell,5,269,5,269,0.21677798,-0.23006845,False
CDH1,ERBB2,AND,18,0.1971428602933883,0.44055083,0.4409467,0.20720935,0.46168584,0.7435981,lung,club cell,0.7435981,lung,club cell,4,1722,4,1722,0.23334149,-0.30304727,False
STEAP2,CD276,AND,18,0.1920289844274521,0.28823954,0.31084415,0.07669556,0.1650165,0.27228916,prostate gland,luminal cell of prostate epithelium,0.25263157,respiratory system,fibroblast,5,1671,3,10277,0.21154398,0.035607964,False
TMPRSS2,CD276,AND,18,0.1901059076189994,0.28823954,0.30876118,0.07845774,0.15517241,0.33333334,respiratory system,mucus secreting cell,0.33333334,respiratory system,mucus secreting cell,5,269,5,269,0.2097818,-0.045093805,False
CD276,CD46,AND,18,0.1901059076189994,0.2957616,0.3091935,0.09447552,0.19348659,0.36998326,lung,macrophage,0.36998326,lung,macrophage,4,16341,4,16341,0.20128606,-0.07422167,False
FOLH1,ERBB2,AND,18,0.1781786948442459,0.35064936,0.39463133,0.042959183,0.25412542,0.58474576,small intestine,paneth cell of epithelium of small intestine,0.58474576,small intestine,paneth cell of epithelium of small intestine,5,1657,5,1657,0.30769017,-0.23409641,False
TACSTD2,CD276,AND,18,0.1780379056930542,0.30639988,0.3059231,0.100078166,0.18390805,0.33590966,uterus,epithelial cell of uterus,0.33590966,uterus,epithelial cell of uterus,2,1319,2,1319,0.20632172,-0.029509783,False
HPN,ERBB2,AND,18,0.1698235556483268,0.34968683,0.36513492,0.044036105,0.1140625,0.30763274,pancreas,pancreatic acinar cell,0.30763274,pancreas,pancreatic acinar cell,2,5482,2,5482,0.3056507,0.042054087,False
EPCAM,CD276,AND,18,0.166931439936161,0.30639988,0.31000784,0.096785426,0.18965517,0.34497207,uterus,epithelial cell of uterus,0.34497207,uterus,epithelial cell of uterus,2,1319,2,1319,0.20961446,-0.038572192,False
STEAP4,CD276,AND,18,0.1621237501502037,0.26076925,0.27101538,0.055322297,0.11551155,0.4,respiratory system,smooth muscle cell,0.4,respiratory system,smooth muscle cell,3,116,3,116,0.20544696,-0.13923076,False
STEAP2,NECTIN4,AND,18,0.1509307026863098,0.26843902,0.2978082,0.09437679,0.21122113,0.5666274,bladder organ,bladder urothelial cell,0.5666274,bladder organ,bladder urothelial cell,6,26663,6,26663,0.17406224,-0.29818836,False
STEAP1,CD276,AND,18,0.1508297964930534,0.2957616,0.29463065,0.06878911,0.14851485,0.25263157,respiratory system,fibroblast,0.25263157,respiratory system,fibroblast,5,1671,5,1671,0.22697248,0.04313001,False
TMPRSS2,NECTIN4,AND,18,0.1493843108415603,0.25759083,0.301532,0.10535937,0.25287357,0.7165861,bladder organ,bladder urothelial cell,0.7165861,bladder organ,bladder urothelial cell,6,26663,6,26663,0.15223145,-0.45899528,False
EPCAM,NECTIN4,AND,18,0.1398195922374725,0.2751125,0.29808408,0.14747673,0.29310346,0.70044374,bladder organ,bladder urothelial cell,0.70044374,bladder organ,bladder urothelial cell,6,26663,6,26663,0.12763578,-0.42533123,False
CDH1,CD276,AND,18,0.1390567779541015,0.27971202,0.27629453,0.06802346,0.17049809,0.36191761,uterus,epithelial cell of uterus,0.36191761,uterus,epithelial cell of uterus,2,1319,2,1319,0.21168856,-0.08220559,False
TACSTD2,NECTIN4,AND,18,0.137113406509161,0.266527,0.29540738,0.16574049,0.3556582,0.8277296,bladder organ,bladder urothelial cell,0.8277296,bladder organ,bladder urothelial cell,6,26663,6,26663,0.10078651,-0.5612026,False
CD46,NECTIN4,AND,18,0.1347938187420368,0.26939505,0.2996782,0.15175185,0.33718246,0.8258506,bladder organ,bladder urothelial cell,0.8258506,bladder organ,bladder urothelial cell,6,26663,6,26663,0.11764321,-0.55645555,False
STEAP1,NECTIN4,AND,18,0.1283014208078384,0.2600473,0.28584993,0.09207222,0.21818182,0.4118001,bladder organ,bladder urothelial cell,0.4118001,bladder organ,bladder urothelial cell,6,26663,6,26663,0.16797507,-0.1517528,False
STEAP4,NECTIN4,AND,18,0.1267754897475242,0.2227135,0.25968328,0.09470035,0.20826447,0.5,respiratory system,mucus secreting cell,0.5,respiratory system,mucus secreting cell,5,269,5,269,0.12801315,-0.2772865,False
CDH1,NECTIN4,AND,18,0.1236122168600559,0.2414263,0.27142662,0.13269821,0.27713627,0.8342066,bladder organ,bladder urothelial cell,0.8342066,bladder organ,bladder urothelial cell,6,26663,6,26663,0.108728096,-0.5927803,False
HPN,CD276,AND,18,0.1206500455737114,0.24428904,0.24588452,0.02279906,0.07434944,0.21360898,pancreas,pancreatic acinar cell,0.21360898,pancreas,pancreatic acinar cell,2,5482,2,5482,0.22148998,0.03068006,False
ADAM9,NECTIN4,AND,18,0.1056634947657585,0.20568731,0.23734304,0.10059306,0.23180076,0.74638224,bladder organ,bladder urothelial cell,0.74638224,bladder organ,bladder urothelial cell,6,26663,6,26663,0.105094254,-0.54069495,False
FOLH1,CD276,AND,18,0.10306161865592,0.24660634,0.24350794,0.019478954,0.122112215,0.20385543,prostate gland,luminal cell of prostate epithelium,0.1689166,tongue,salivary gland cell,2,734,3,10277,0.22712737,0.07768974,False
STEAP2,TMEFF2,AND,18,0.1010144919157028,0.3538204,0.4067305,0.01858397,0.5777778,0.23589744,prostate gland,luminal cell of prostate epithelium,0.0952381,eye,retinal bipolar neuron,3,55,3,10277,0.33523643,0.25858232,False
TMEFF2,TMPRSS2,AND,18,0.1010144919157028,0.35126182,0.4001282,0.017142728,0.45333335,0.23333333,prostate gland,luminal cell of prostate epithelium,0.13207547,small intestine,enteroendocrine cell of small intestine,5,249,3,10277,0.33411908,0.21918635,False
TMEFF2,CD46,AND,18,0.1010144919157028,0.3477472,0.38621688,0.021837406,0.45333335,0.23333333,prostate gland,luminal cell of prostate epithelium,0.17281349,bone marrow,common myeloid progenitor,4,359,3,10277,0.3259098,0.17493372,False
HPN,NECTIN4,AND,18,0.1008547022938728,0.20947155,0.22604595,0.012681505,0.0625,0.12562323,uterus,epithelial cell of uterus,0.12562323,uterus,epithelial cell of uterus,2,1319,2,1319,0.19679005,0.08384833,False
TMEFF2,TACSTD2,AND,18,0.0958620704710483,0.33042848,0.38496965,0.018489674,0.37333333,0.22307692,prostate gland,luminal cell of prostate epithelium,0.13750373,lung,pulmonary alveolar type 1 cell,4,3046,3,10277,0.31193882,0.19292475,False
CD276,ADAM9,AND,18,0.0949150562286376,0.2300747,0.24083287,0.05385621,0.13636364,0.4015625,colon,colon macrophage,0.4015625,colon,colon macrophage,2,304,2,304,0.1762185,-0.17148781,False
FOLH1,NECTIN4,AND,18,0.0905769251286983,0.21527778,0.24887392,0.032998964,0.16171618,0.27050623,tongue,salivary gland cell,0.27050623,tongue,salivary gland cell,2,734,2,734,0.18227881,-0.055228457,False
TMEFF2,EPCAM,AND,18,0.0867316357791423,0.33428016,0.3837341,0.015915819,0.39555556,0.20963855,prostate gland,luminal cell of prostate epithelium,0.18181819,endocrine gland,neuro-medullary thymic epithelial cell,2,112,3,10277,0.31836435,0.15246198,False
NECTIN4,ERBB2,AND,18,0.0805128220468759,0.14523467,0.20874675,0.09172969,0.2655889,0.5833333,eye,corneal epithelial cell,0.5833333,eye,corneal epithelial cell,3,4179,3,4179,0.05350498,-0.43809864,False
STEAP4,TMEFF2,AND,18,0.0783448282629251,0.30584693,0.34988517,0.009809616,0.4888889,0.15897436,prostate gland,luminal cell of prostate epithelium,0.1344697,endocrine gland,neuro-medullary thymic epithelial cell,2,112,3,10277,0.29603732,0.17137723,False
TMEFF2,CDH1,AND,18,0.0777361333370208,0.300372,0.32450613,0.0143145155,0.21333334,0.22820513,prostate gland,luminal cell of prostate epithelium,0.14923412,lung,pulmonary alveolar type 1 cell,4,3046,3,10277,0.2860575,0.15113789,False
CD276,ERBB2,AND,18,0.0767948735505342,0.18181819,0.20119148,0.05690947,0.15134099,0.26766935,tongue,salivary gland cell,0.26766935,tongue,salivary gland cell,2,734,2,734,0.124908715,-0.08585116,False
PSCA,TACSTD2,AND,18,0.07281448058784,0.16233766,0.24087507,0.18352118,0.40661156,0.9231242,bladder organ,bladder urothelial cell,0.9231242,bladder organ,bladder urothelial cell,6,26663,6,26663,-0.02118352,-0.76078653,False
PSCA,STEAP1,AND,18,0.0703133907169103,0.16233766,0.22221492,0.09818512,0.2429752,0.44206488,bladder organ,bladder urothelial cell,0.44206488,bladder organ,bladder urothelial cell,6,26663,6,26663,0.06415254,-0.27972722,False
PSCA,CD46,AND,18,0.0703133907169103,0.15728715,0.24588142,0.16770633,0.37851238,0.908059,bladder organ,bladder urothelial cell,0.908059,bladder organ,bladder urothelial cell,6,26663,6,26663,-0.010419175,-0.7507719,False
PSCA,EPCAM,AND,18,0.0691861744970083,0.14935064,0.24018294,0.15148655,0.3553719,0.7486237,bladder organ,bladder urothelial cell,0.7486237,bladder organ,bladder urothelial cell,6,26663,6,26663,-0.0021359026,-0.5992731,False
PSCA,TMPRSS2,AND,18,0.0690520342439413,0.16233766,0.23813091,0.12705001,0.28760332,0.7639985,bladder organ,bladder urothelial cell,0.7639985,bladder organ,bladder urothelial cell,6,26663,6,26663,0.03528765,-0.60166085,False
FOLH1,TMEFF2,AND,18,0.0689064547419548,0.22927979,0.3389352,0.010478385,0.5777778,0.23333333,prostate gland,luminal cell of prostate epithelium,0.10989011,small intestine,enteroendocrine cell of small intestine,5,249,3,10277,0.21880141,0.119389676,False
PSCA,STEAP2,AND,18,0.0685007136315107,0.16233766,0.2510463,0.109823175,0.22644629,0.6344348,bladder organ,bladder urothelial cell,0.6344348,bladder organ,bladder urothelial cell,6,26663,6,26663,0.052514486,-0.47209716,False
PSCA,CDH1,AND,18,0.0594373229891061,0.1441408,0.21890362,0.12452108,0.30247933,0.9103992,bladder organ,bladder urothelial cell,0.9103992,bladder organ,bladder urothelial cell,6,26663,6,26663,0.019619718,-0.7662584,False
PSCA,STEAP4,AND,18,0.0593122169375419,0.13311689,0.20812653,0.115584895,0.27933884,0.4883922,lung,respiratory goblet cell,0.4883922,lung,respiratory goblet cell,4,978,4,978,0.017531991,-0.35527533,False
TMEFF2,HPN,AND,18,0.0560969527810812,0.30239898,0.33457196,0.0049393997,0.31555554,0.1,prostate gland,luminal cell of prostate epithelium,0.0625,endocrine gland,neuro-medullary thymic epithelial cell,2,112,3,10277,0.29745957,0.23989898,False
TMEFF2,ADAM9,AND,18,0.0544258650392293,0.24669775,0.2969874,0.010300703,0.32,0.20769231,prostate gland,luminal cell of prostate epithelium,0.14990512,musculature,epithelial cell,2,48,3,10277,0.23639706,0.09679264,False
FOLH1,PSCA,AND,18,0.0536128152161836,0.10323597,0.17822017,0.031653997,0.16831683,0.2,prostate gland,luminal cell of prostate epithelium,0.15254237,small intestine,enteroendocrine cell of small intestine,5,249,3,10277,0.071581975,-0.0493064,False
TMEFF2,ERBB2,AND,18,0.0527009230107069,0.1616286,0.21429911,0.010587981,0.045454547,0.19951807,prostate gland,luminal cell of prostate epithelium,0.104032815,lung,club cell,4,1722,3,10277,0.15104063,0.05759579,False
PSCA,ADAM9,AND,18,0.0468839049339294,0.12362758,0.20015137,0.09642271,0.23966943,0.81508964,bladder organ,bladder urothelial cell,0.81508964,bladder organ,bladder urothelial cell,6,26663,6,26663,0.027204871,-0.69146204,False
PSCA,HPN,AND,18,0.0412926103919744,0.13708514,0.18381293,0.01654195,0.08250825,0.08974359,prostate gland,luminal cell of prostate epithelium,0.082114734,stomach,epithelial cell,3,1596,3,10277,0.12054319,0.054970406,False
CD276,NECTIN4,AND,18,0.0383897885680198,0.12325247,0.123072214,0.028401528,0.11818182,0.24,respiratory system,basal cell,0.24,respiratory system,basal cell,5,10003,5,10003,0.09485094,-0.11674753,False
TMEFF2,NECTIN4,AND,18,0.0275990676134824,0.111257166,0.13488968,0.0036574723,0.054545455,0.08289157,prostate gland,luminal cell of prostate epithelium,0.07631579,tongue,taste receptor cell,2,29,3,10277,0.10759969,0.034941375,False
STEAP1,MME,AND,18,0.0270750742405653,0.26813388,0.284466,0.144636,0.42574257,0.37638554,prostate gland,luminal cell of prostate epithelium,0.18074721,bladder organ,bladder urothelial cell,6,26663,3,10277,0.12349787,0.08738667,False
STEAP2,MME,AND,18,0.0270750742405653,0.28259063,0.30743214,0.17256084,0.46534654,0.46024096,prostate gland,luminal cell of prostate epithelium,0.24194302,small intestine,enterocyte of epithelium proper of ileum,3,6475,3,10277,0.11002979,0.04064761,False
TMPRSS2,MME,AND,18,0.0270750742405653,0.28494355,0.30300003,0.13348165,0.45544556,0.88183093,small intestine,enterocyte of epithelium proper of ileum,0.88183093,small intestine,enterocyte of epithelium proper of ileum,3,6475,3,6475,0.1514619,-0.59688735,False
TACSTD2,MME,AND,18,0.0263018783181905,0.27934515,0.30127817,0.23109734,0.4909091,0.59090906,prostate gland,basal cell of prostate epithelium,0.31438887,bladder organ,bladder urothelial cell,6,26663,3,3440,0.048247814,-0.035043716,False
CD46,MME,AND,18,0.0259152803570032,0.27675456,0.3088764,0.22141704,0.53636366,0.8086957,small intestine,paneth cell of epithelium of small intestine,0.8086957,small intestine,paneth cell of epithelium of small intestine,5,1657,5,1657,0.05533752,-0.5319411,False
EPCAM,MME,AND,18,0.0248314830474555,0.27788472,0.29765338,0.17926729,0.46363637,0.9733769,small intestine,enterocyte of epithelium proper of ileum,0.9733769,small intestine,enterocyte of epithelium proper of ileum,3,6475,3,6475,0.098617435,-0.6954922,False
PSCA,ERBB2,AND,18,0.024540133960545,0.11196091,0.15636116,0.10333943,0.29090908,0.62112767,bladder organ,bladder urothelial cell,0.62112767,bladder organ,bladder urothelial cell,6,26663,6,26663,0.008621477,-0.5091668,False
PSCA,CD276,AND,18,0.0237179491668939,0.062049065,0.11381442,0.026710056,0.076033056,0.202421,bladder organ,bladder urothelial cell,0.202421,bladder organ,bladder urothelial cell,6,26663,6,26663,0.03533901,-0.14037193,False
CDH1,MME,AND,18,0.0232850909233093,0.2589727,0.2792362,0.15959714,0.43636364,0.9217391,small intestine,paneth cell of epithelium of small intestine,0.9217391,small intestine,paneth cell of epithelium of small intestine,5,1657,5,1657,0.09937556,-0.6627664,False
TACSTD2,MUC1,AND,18,0.0224394585005939,0.113011986,0.15009971,0.18759695,0.46115702,0.8927382,lung,club cell,0.8927382,lung,club cell,4,1722,4,1722,-0.07458496,-0.77972627,False
FOLH1,MME,AND,18,0.0222012954764068,0.2693048,0.24922283,0.042018544,0.32673267,0.823642,small intestine,enterocyte of epithelium proper of duodenum,0.823642,small intestine,enterocyte of epithelium proper of duodenum,4,13488,4,13488,0.22728626,-0.5543372,False
STEAP1,MUC1,AND,18,0.0208190877921879,0.09858891,0.13602863,0.09770115,0.2677686,0.4766482,lung,respiratory goblet cell,0.4766482,lung,respiratory goblet cell,4,978,4,978,0.0008877665,-0.3780593,False
STEAP2,MUC1,AND,18,0.0208190877921879,0.10660173,0.15024161,0.10172414,0.2655889,0.5419049,lung,respiratory goblet cell,0.5419049,lung,respiratory goblet cell,4,978,4,978,0.0048775896,-0.4353032,False
TMPRSS2,MUC1,AND,18,0.0208190877921879,0.10660173,0.15076403,0.119022414,0.31570247,0.8331424,lung,pulmonary alveolar type 2 cell,0.8331424,lung,pulmonary alveolar type 2 cell,4,10845,4,10845,-0.012420684,-0.7265407,False
CD46,MUC1,AND,18,0.0208190877921879,0.113011986,0.15291126,0.17429468,0.43140495,0.90880597,lung,pulmonary alveolar type 2 cell,0.90880597,lung,pulmonary alveolar type 2 cell,4,10845,4,10845,-0.061282694,-0.795794,False
CDH1,MUC1,AND,18,0.0208190877921879,0.09530053,0.13317594,0.13708985,0.34049585,0.9230958,lung,club cell,0.9230958,lung,club cell,4,1722,4,1722,-0.041789316,-0.82779527,False
STEAP4,MME,AND,18,0.0199577058665454,0.21354628,0.24988672,0.08074242,0.31023103,0.5740741,tongue,neutrophil,0.5740741,tongue,neutrophil,2,145,2,145,0.13280386,-0.3605278,False
HPN,MME,AND,18,0.019571107905358,0.18665378,0.22399123,0.030967271,0.14126395,0.25037754,liver,hepatocyte,0.25037754,liver,hepatocyte,4,7400,4,7400,0.15568651,-0.06372376,False
EPCAM,MUC1,AND,18,0.0191987183876335,0.10660173,0.15145427,0.1599791,0.40826446,0.8989899,lung,club cell,0.8989899,lung,club cell,4,1722,4,1722,-0.053377375,-0.7923882,False
ADAM9,MME,AND,18,0.0191845099441707,0.21728164,0.23367125,0.1142934,0.29042906,0.66086954,small intestine,paneth cell of epithelium of small intestine,0.66086954,small intestine,paneth cell of epithelium of small intestine,5,1657,5,1657,0.10298824,-0.4435879,False
FOLH1,MUC1,AND,18,0.0175783476792275,0.06061934,0.10506433,0.013438268,0.123893805,0.34146342,respiratory system,mucus secreting cell,0.34146342,respiratory system,mucus secreting cell,5,269,5,269,0.04718107,-0.2808441,False
STEAP4,MUC1,AND,18,0.0175783476792275,0.09858891,0.12838699,0.08172542,0.28264463,0.85780174,lung,pulmonary alveolar type 2 cell,0.85780174,lung,pulmonary alveolar type 2 cell,4,10845,4,10845,0.016863495,-0.75921285,False
PSCA,NECTIN4,AND,18,0.0151170569472014,0.05699856,0.092862904,0.072748065,0.21652892,0.8122459,bladder organ,bladder urothelial cell,0.8122459,bladder organ,bladder urothelial cell,6,26663,6,26663,-0.015749507,-0.75524735,False
PSCA,TMEFF2,AND,18,0.0146153846755623,0.050893553,0.06837973,0.0029801792,0.02739726,0.1,small intestine,enteroendocrine cell of small intestine,0.1,small intestine,enteroendocrine cell of small intestine,5,249,5,249,0.047913373,-0.04910645,False
TMEFF2,MME,AND,18,0.0138187842443585,0.09017224,0.17435758,0.010670565,0.09090909,0.17424244,endocrine gland,neuro-medullary thymic epithelial cell,0.17424244,endocrine gland,neuro-medullary thymic epithelial cell,2,112,2,112,0.07950167,-0.0840702,False
HPN,MUC1,AND,18,0.0127525253221392,0.04761905,0.092680305,0.018330606,0.06896552,0.60748005,pancreas,pancreatic acinar cell,0.60748005,pancreas,pancreatic acinar cell,2,5482,2,5482,0.029288443,-0.559861,False
ADAM9,MUC1,AND,18,0.0113425923511385,0.070722565,0.117986046,0.10495126,0.26280993,0.8780488,respiratory system,mucus secreting cell,0.8780488,respiratory system,mucus secreting cell,5,269,5,269,-0.034228697,-0.8073262,False
NECTIN4,MME,AND,18,0.0075039654038846,0.12867808,0.12601608,0.054694045,0.2,0.41414142,prostate gland,basal cell of prostate epithelium,0.2859209,bladder organ,bladder urothelial cell,6,26663,3,3440,0.07398404,-0.1572428,False
MME,ERBB2,AND,18,0.0071173674426972,0.18903048,0.19621757,0.11453103,0.32343236,0.5525424,small intestine,paneth cell of epithelium of small intestine,0.5525424,small intestine,paneth cell of epithelium of small intestine,5,1657,5,1657,0.07449945,-0.36351192,False
ERBB2,MUC1,AND,18,0.0054123711306601,0.07179094,0.09825995,0.10565469,0.34180138,0.75110567,lung,club cell,0.75110567,lung,club cell,4,1722,4,1722,-0.033863746,-0.67931473,False
CD276,MME,AND,18,0.0045697857858613,0.108129494,0.116379924,0.042764198,0.15454546,0.30289117,uterus,fibroblast,0.30289117,uterus,fibroblast,2,6311,2,6311,0.0653653,-0.19476166,False
MME,MUC1,AND,18,0.0009020618279464,0.035353534,0.04655259,0.045053147,0.12471132,0.33080807,prostate gland,basal cell of prostate epithelium,0.25974026,small intestine,intestinal crypt stem cell of small intestine,5,531,3,3440,-0.009699613,-0.22438672,False
PSCA,MUC1,AND,18,0.0009020618279464,0.035103787,0.0506583,0.088386506,0.32396695,0.8965129,stomach,epithelial cell,0.8965129,stomach,epithelial cell,3,1596,3,1596,-0.05328272,-0.8614091,False
STEAP1,DLL3,AND,18,0.0,0.015565135,0.028684357,0.0033957423,0.04888889,0.015826922,uterus,epithelial cell of uterus,0.015826922,uterus,epithelial cell of uterus,2,1319,2,1319,0.012169393,-0.00026178733,False
GRPR,DLL3,AND,18,0.0,0.0,0.0007706036,0.0,0.0,0.0005586592,uterus,epithelial cell of uterus,0.0005586592,uterus,epithelial cell of uterus,2,1319,2,1319,0.0,-0.0005586592,False
STEAP2,DLL3,AND,18,0.0,0.018620688,0.030348752,0.0027172344,0.053333335,0.019480519,pancreas,type B pancreatic cell,0.019480519,pancreas,type B pancreatic cell,2,102,2,102,0.015903454,-0.0008598305,False
GRPR,CDH16,AND,18,0.0,0.0,0.0,0.0,0.0,0.0011561909,pancreas,pancreatic acinar cell,0.0011561909,pancreas,pancreatic acinar cell,2,5482,2,5482,0.0,-0.0011561909,False
CEACAM5,SLC34A1,AND,18,0.0,0.0,0.0,0.0,0.0,0.0016778524,respiratory system,serous cell of epithelium of trachea,0.0016778524,respiratory system,serous cell of epithelium of trachea,2,317,2,317,0.0,-0.0016778524,False
PSCA,SLC34A1,AND,18,0.0,0.0,0.00010622477,0.0,0.0011114199,0.006060606,prostate gland,basal cell of prostate epithelium,0.0018872252,bladder organ,bladder urothelial cell,6,26663,3,3440,0.0,-0.0018872252,False
TMPRSS2,DLL3,AND,18,0.0,0.018620688,0.029847605,0.0016811471,0.026666667,0.020636328,bladder organ,bladder urothelial cell,0.020636328,bladder organ,bladder urothelial cell,6,26663,6,26663,0.016939541,-0.002015639,False
PSCA,GRPR,AND,18,0.0,0.0,0.007226827,0.0,0.0042643924,0.010120482,prostate gland,luminal cell of prostate epithelium,0.0023842903,pancreas,pancreatic acinar cell,2,5482,3,10277,0.0,-0.0023842903,False
FOLR1,SLC34A1,AND,18,0.0,0.0,0.0,0.0,0.0,0.003003003,lung,club cell,0.003003003,lung,club cell,4,1722,4,1722,0.0,-0.003003003,False
SLC34A1,CDH16,AND,18,0.0,0.0,0.0,0.0,0.0,0.0038069016,tongue,stratified squamous epithelial cell,0.0038069016,tongue,stratified squamous epithelial cell,4,12251,4,12251,0.0,-0.0038069016,False
MSLN,SLC34A1,AND,18,0.0,0.0,0.0,0.0,0.00027785497,0.0040963953,uterus,epithelial cell of uterus,0.0040963953,uterus,epithelial cell of uterus,2,1319,2,1319,0.0,-0.0040963953,False
SLC34A1,MUC1,AND,18,0.0,0.0,0.0,0.0,0.00027785497,0.005050505,prostate gland,basal cell of prostate epithelium,0.0046550543,uterus,epithelial cell of uterus,2,1319,3,3440,0.0,-0.0046550543,False
FOLH1,GRPR,AND,18,0.0,0.0,0.014840227,0.0,0.008888889,0.0056818184,endocrine gland,neuro-medullary thymic epithelial cell,0.0056818184,endocrine gland,neuro-medullary thymic epithelial cell,2,112,2,112,0.0,-0.0056818184,False
CD70,CDH16,AND,18,0.0,0.0,0.0,0.0,0.0,0.0056818184,endocrine gland,neuro-medullary thymic epithelial cell,0.0056818184,endocrine gland,neuro-medullary thymic epithelial cell,2,112,2,112,0.0,-0.0056818184,False
DLL3,SLC34A1,AND,18,0.0,0.0,0.0,0.0,0.0,0.0056818184,endocrine gland,neuro-medullary thymic epithelial cell,0.0056818184,endocrine gland,neuro-medullary thymic epithelial cell,2,112,2,112,0.0,-0.0056818184,False
GRPR,CEACAM5,AND,18,0.0,0.0,0.0,0.0,0.0,0.0056818184,endocrine gland,neuro-medullary thymic epithelial cell,0.0056818184,endocrine gland,neuro-medullary thymic epithelial cell,2,112,2,112,0.0,-0.0056818184,False
STEAP1,SLC34A1,AND,18,0.0,0.0,0.00010622477,0.0,0.003717472,0.006060606,prostate gland,basal cell of prostate epithelium,0.0056818184,endocrine gland,neuro-medullary thymic epithelial cell,2,112,3,3440,0.0,-0.0056818184,False
STEAP4,SLC34A1,AND,18,0.0,0.0,0.00010622477,0.0,0.0,0.00625,lymph node,endothelial cell,0.00625,lymph node,endothelial cell,4,126,4,126,0.0,-0.00625,False
GRPR,MSLN,AND,18,0.0,0.0,0.0,0.0,0.00027785497,0.008,ovary,glandular epithelial cell,0.008,ovary,glandular epithelial cell,3,232,3,232,0.0,-0.008,False
ERBB2,SLC34A1,AND,18,0.0,0.0,0.0,0.0,0.003717472,0.009813212,tongue,basal cell,0.009813212,tongue,basal cell,4,15214,4,15214,0.0,-0.009813212,False
NECTIN4,SLC34A1,AND,18,0.0,0.0,0.0,0.0,0.0011114199,0.010151738,tongue,stratified squamous epithelial cell,0.010151738,tongue,stratified squamous epithelial cell,4,12251,4,12251,0.0,-0.010151738,False
ADAM9,SLC34A1,AND,18,0.0,0.0,0.00010622477,0.0,0.0013892748,0.010683761,eye,eye photoreceptor cell,0.010683761,eye,eye photoreceptor cell,3,1494,3,1494,0.0,-0.010683761,False
TMEFF2,SLC34A1,AND,18,0.0,0.0,0.0,0.0,0.0,0.011363637,endocrine gland,neuro-medullary thymic epithelial cell,0.011363637,endocrine gland,neuro-medullary thymic epithelial cell,2,112,2,112,0.0,-0.011363637,False
STEAP2,SLC34A1,AND,18,0.0,0.0,0.00010622477,0.0,0.003717472,0.011363637,endocrine gland,neuro-medullary thymic epithelial cell,0.011363637,endocrine gland,neuro-medullary thymic epithelial cell,2,112,2,112,0.0,-0.011363637,False
GRPR,CD70,AND,18,0.0,0.0,0.00075075077,0.0,0.0,0.011363637,endocrine gland,neuro-medullary thymic epithelial cell,0.011363637,endocrine gland,neuro-medullary thymic epithelial cell,2,112,2,112,0.0,-0.011363637,False
TMPRSS2,SLC34A1,AND,18,0.0,0.0,0.00010622477,0.0,0.0008335649,0.011363637,endocrine gland,neuro-medullary thymic epithelial cell,0.011363637,endocrine gland,neuro-medullary thymic epithelial cell,2,112,2,112,0.0,-0.011363637,False
TACSTD2,SLC34A1,AND,18,0.0,0.0,0.00010622477,0.0,0.0019449848,0.015104584,tongue,basal cell,0.015104584,tongue,basal cell,4,15214,4,15214,0.0,-0.015104584,False
STEAP2,CDH16,AND,18,0.0,0.0,0.00017781698,0.0,0.03448276,0.015860096,tongue,stratified squamous epithelial cell,0.015860096,tongue,stratified squamous epithelial cell,4,12251,4,12251,0.0,-0.015860096,False
DLL3,FOLR1,AND,18,0.0,0.0,0.0,0.0,0.009090909,0.016666668,uterus,ciliated epithelial cell,0.016666668,uterus,ciliated epithelial cell,2,317,2,317,0.0,-0.016666668,False
CD70,SLC34A1,AND,18,0.0,0.0,0.0,0.0,0.0,0.017045455,endocrine gland,neuro-medullary thymic epithelial cell,0.017045455,endocrine gland,neuro-medullary thymic epithelial cell,2,112,2,112,0.0,-0.017045455,False
HPN,SLC34A1,AND,18,0.0,0.0,0.00010622477,0.0,0.003717472,0.017343955,liver,hepatocyte,0.017343955,liver,hepatocyte,4,7400,4,7400,0.0,-0.017343955,False
STEAP4,GRPR,AND,18,0.0,0.0,0.015477929,0.0,0.008888889,0.019763978,pancreas,pancreatic acinar cell,0.019763978,pancreas,pancreatic acinar cell,2,5482,2,5482,0.0,-0.019763978,False
CD70,FOLR1,AND,18,0.0,0.0,0.0,0.0,0.0019157088,0.020150987,uterus,ciliated epithelial cell,0.020150987,uterus,ciliated epithelial cell,2,317,2,317,0.0,-0.020150987,False
HPN,DLL3,AND,18,0.0,0.018620688,0.029146263,0.00039588282,0.026666667,0.03885317,uterus,epithelial cell of uterus,0.03885317,uterus,epithelial cell of uterus,2,1319,2,1319,0.018224806,-0.02023248,False
GRPR,MME,AND,18,0.0,0.0,0.007349967,0.0,0.0042643924,0.020833334,endocrine gland,neuro-medullary thymic epithelial cell,0.020833334,endocrine gland,neuro-medullary thymic epithelial cell,2,112,2,112,0.0,-0.020833334,False
PSCA,CDH16,AND,18,0.0,0.0,0.0,0.0,0.00079176563,0.024218,tongue,stratified squamous epithelial cell,0.024218,tongue,stratified squamous epithelial cell,4,12251,4,12251,0.0,-0.024218,False
STEAP1,GRPR,AND,18,0.0,0.0,0.016913371,0.0,0.0044444446,0.025296006,pancreas,pancreatic acinar cell,0.025296006,pancreas,pancreatic acinar cell,2,5482,2,5482,0.0,-0.025296006,False
DLL3,CDH16,AND,18,0.0,0.0,0.0,0.0,0.0,0.02631579,tongue,taste receptor cell,0.02631579,tongue,taste receptor cell,2,29,2,29,0.0,-0.02631579,False
MME,DLL3,AND,18,0.0,0.0,0.0070775202,0.0016811471,0.020547945,0.02631579,tongue,taste receptor cell,0.02631579,tongue,taste receptor cell,2,29,2,29,-0.0016811471,-0.02631579,False
STEAP1,CD70,AND,18,0.0,0.0,0.0025353956,0.0,0.003717472,0.02631579,small intestine,fibroblast,0.02631579,small intestine,fibroblast,5,458,5,458,0.0,-0.02631579,False
TMEFF2,CDH16,AND,18,0.0,0.0,0.00017781698,0.0,0.0,0.02631579,tongue,taste receptor cell,0.02631579,tongue,taste receptor cell,2,29,2,29,0.0,-0.02631579,False
TMEFF2,DLL3,AND,18,0.0,0.0,0.022721665,0.0,0.04,0.02631579,tongue,taste receptor cell,0.02631579,tongue,taste receptor cell,2,29,2,29,0.0,-0.02631579,False
STEAP2,CD70,AND,18,0.0,0.0,0.0024291708,0.0,0.0046875,0.02631579,small intestine,fibroblast,0.02631579,small intestine,fibroblast,5,458,5,458,0.0,-0.02631579,False
CD46,SLC34A1,AND,18,0.0,0.0,0.00010622477,0.0,0.0019449848,0.026515152,endocrine gland,neuro-medullary thymic epithelial cell,0.026515152,endocrine gland,neuro-medullary thymic epithelial cell,2,112,2,112,0.0,-0.026515152,False
CD276,SLC34A1,AND,18,0.0,0.0,0.0,0.0,0.003717472,0.026515152,endocrine gland,neuro-medullary thymic epithelial cell,0.026515152,endocrine gland,neuro-medullary thymic epithelial cell,2,112,2,112,0.0,-0.026515152,False
FOLH1,SLC34A1,AND,18,0.0,0.0,0.0,0.0,0.0,0.026515152,endocrine gland,neuro-medullary thymic epithelial cell,0.026515152,endocrine gland,neuro-medullary thymic epithelial cell,2,112,2,112,0.0,-0.026515152,False
CD276,CDH16,AND,18,0.0,0.0,0.00017781698,0.0,0.00055570994,0.02711963,uterus,ciliated epithelial cell,0.02711963,uterus,ciliated epithelial cell,2,317,2,317,0.0,-0.02711963,False
TMEFF2,CEACAM5,AND,18,0.0,0.0,0.00013071895,0.0,0.0017094017,0.030366562,lung,respiratory goblet cell,0.030366562,lung,respiratory goblet cell,4,978,4,978,0.0,-0.030366562,False
HPN,CDH16,AND,18,0.0,0.0,0.00017781698,0.0,0.03448276,0.030927835,ovary,glandular epithelial cell,0.030927835,ovary,glandular epithelial cell,3,232,3,232,0.0,-0.030927835,False
HPN,CEACAM5,AND,18,0.0,0.0,0.0022536397,0.0,0.005586592,0.03295474,lung,pulmonary alveolar type 1 cell,0.03295474,lung,pulmonary alveolar type 1 cell,4,3046,4,3046,0.0,-0.03295474,False
CEACAM5,CDH16,AND,18,0.0,0.0,0.0,0.0,0.0,0.03328036,tongue,stratified squamous epithelial cell,0.03328036,tongue,stratified squamous epithelial cell,4,12251,4,12251,0.0,-0.03328036,False
DLL3,MSLN,AND,18,0.0,0.0,0.00044091712,0.0,0.0011114199,0.033333335,uterus,ciliated epithelial cell,0.033333335,uterus,ciliated epithelial cell,2,317,2,317,0.0,-0.033333335,False
FOLH1,CD70,AND,18,0.0,0.0,0.0018038332,0.0,0.0015625,0.033333335,uterus,ciliated epithelial cell,0.033333335,uterus,ciliated epithelial cell,2,317,2,317,0.0,-0.033333335,False
CD70,MSLN,AND,18,0.0,0.0,0.0,0.0,0.0016528926,0.035075497,uterus,ciliated epithelial cell,0.035075497,uterus,ciliated epithelial cell,2,317,2,317,0.0,-0.035075497,False
FOLH1,DLL3,AND,18,0.0,0.014407726,0.02776555,0.0,0.053333335,0.05,tongue,taste receptor cell,0.05,tongue,taste receptor cell,2,29,2,29,0.014407726,-0.035592273,False
STEAP1,CDH16,AND,18,0.0,0.0,0.00017781698,0.0,0.03448276,0.036471497,tongue,stratified squamous epithelial cell,0.036471497,tongue,stratified squamous epithelial cell,4,12251,4,12251,0.0,-0.036471497,False
EPCAM,DLL3,AND,18,0.0,0.016312998,0.029350867,0.0043202816,0.04888889,0.05348432,uterus,ciliated epithelial cell,0.05348432,uterus,ciliated epithelial cell,2,317,2,317,0.011992716,-0.037171323,False
MME,SLC34A1,AND,18,0.0,0.0,0.0,0.0,0.003717472,0.03787879,endocrine gland,neuro-medullary thymic epithelial cell,0.03787879,endocrine gland,neuro-medullary thymic epithelial cell,2,112,2,112,0.0,-0.03787879,False
TMPRSS2,CD70,AND,18,0.0,0.0,0.0025353956,0.0,0.0046875,0.03846154,pancreas,B cell,0.03846154,pancreas,B cell,2,53,2,53,0.0,-0.03846154,False
STEAP4,CDH16,AND,18,0.0,0.0,0.00017781698,0.0,0.0023094688,0.038539186,tongue,stratified squamous epithelial cell,0.038539186,tongue,stratified squamous epithelial cell,4,12251,4,12251,0.0,-0.038539186,False
HPN,CD70,AND,18,0.0,0.0,0.0013537125,0.0,0.0015625,0.038559817,uterus,ciliated epithelial cell,0.038559817,uterus,ciliated epithelial cell,2,317,2,317,0.0,-0.038559817,False
MSLN,CDH16,AND,18,0.0,0.0,0.0,0.0,0.0016863407,0.041237112,ovary,glandular epithelial cell,0.041237112,ovary,glandular epithelial cell,3,232,3,232,0.0,-0.041237112,False
FOLR1,CDH16,AND,18,0.0,0.0,0.0,0.0,0.03448276,0.041237112,ovary,glandular epithelial cell,0.041237112,ovary,glandular epithelial cell,3,232,3,232,0.0,-0.041237112,False
GRPR,NECTIN4,AND,18,0.0,0.0,0.006778783,0.0,0.0,0.04377288,pancreas,pancreatic acinar cell,0.04377288,pancreas,pancreatic acinar cell,2,5482,2,5482,0.0,-0.04377288,False
PSCA,CD70,AND,18,0.0,0.0,0.00075075077,0.0,0.003125,0.045454547,prostate gland,B cell,0.044060558,bladder organ,B cell,4,446,2,75,0.0,-0.044060558,False
CDH1,SLC34A1,AND,18,0.0,0.0,0.00010622477,0.0,0.0013892748,0.047348484,endocrine gland,neuro-medullary thymic epithelial cell,0.047348484,endocrine gland,neuro-medullary thymic epithelial cell,2,112,2,112,0.0,-0.047348484,False
TMEFF2,GRPR,AND,18,0.0,0.0,0.013021282,0.0,0.008888889,0.047348484,endocrine gland,neuro-medullary thymic epithelial cell,0.047348484,endocrine gland,neuro-medullary thymic epithelial cell,2,112,2,112,0.0,-0.047348484,False
CEACAM5,DLL3,AND,18,0.0,0.0,0.0,0.0,0.0,0.05,tongue,taste receptor cell,0.05,tongue,taste receptor cell,2,29,2,29,0.0,-0.05,False
PSCA,DLL3,AND,18,0.0,0.0,0.0093186805,0.0,0.0042643924,0.05,tongue,taste receptor cell,0.05,tongue,taste receptor cell,2,29,2,29,0.0,-0.05,False
CEACAM5,CD70,AND,18,0.0,0.0,0.0,0.0,0.0003713331,0.05,tongue,taste receptor cell,0.05,tongue,taste receptor cell,2,29,2,29,0.0,-0.05,False
EPCAM,SLC34A1,AND,18,0.0,0.0,0.00010622477,0.0,0.0019449848,0.053030305,endocrine gland,neuro-medullary thymic epithelial cell,0.053030305,endocrine gland,neuro-medullary thymic epithelial cell,2,112,2,112,0.0,-0.053030305,False
CD276,DLL3,AND,18,0.0,0.0,0.012975819,0.0,0.0102739725,0.05348432,uterus,ciliated epithelial cell,0.05348432,uterus,ciliated epithelial cell,2,317,2,317,0.0,-0.05348432,False
DLL3,MUC1,AND,18,0.0,0.0,0.003669535,0.00018566655,0.0051020407,0.05348432,uterus,ciliated epithelial cell,0.05348432,uterus,ciliated epithelial cell,2,317,2,317,-0.00018566655,-0.05348432,False
STEAP4,DLL3,AND,18,0.0,0.015565135,0.02928644,0.0,0.035555556,0.07631579,tongue,taste receptor cell,0.07631579,tongue,taste receptor cell,2,29,2,29,0.015565135,-0.060750656,False
CD70,ERBB2,AND,18,0.0,0.0,0.0022167214,0.0,0.0046875,0.062195122,uterus,ciliated epithelial cell,0.062195122,uterus,ciliated epithelial cell,2,317,2,317,0.0,-0.062195122,False
STEAP4,CD70,AND,18,0.0,0.0,0.0025353956,0.0,0.003125,0.06439394,endocrine gland,neuro-medullary thymic epithelial cell,0.06439394,endocrine gland,neuro-medullary thymic epithelial cell,2,112,2,112,0.0,-0.06439394,False
CD70,MME,AND,18,0.0,0.0,0.0015003574,0.0,0.006849315,0.064935066,endocrine gland,thymic fibroblast type 2,0.064935066,endocrine gland,thymic fibroblast type 2,5,3230,5,3230,0.0,-0.064935066,False
EPCAM,CD70,AND,18,0.0,0.0,0.0025353956,0.0,0.0046875,0.065679446,uterus,ciliated epithelial cell,0.065679446,uterus,ciliated epithelial cell,2,317,2,317,0.0,-0.065679446,False
CD276,CD70,AND,18,0.0,0.0,0.00010622477,0.0,0.0034246575,0.065708645,exocrine gland,adventitial cell,0.065708645,exocrine gland,adventitial cell,2,321,2,321,0.0,-0.065708645,False
GRPR,FOLR1,AND,18,0.0,0.0,0.0,0.0,0.00027785497,0.06666667,eye,retinal pigment epithelial cell,0.06666667,eye,retinal pigment epithelial cell,2,64,2,64,0.0,-0.06666667,False
CD70,MUC1,AND,18,0.0,0.0,0.00010622477,0.0,0.0033057851,0.06666667,skin of body,plasma cell,0.06666667,skin of body,plasma cell,2,80,2,80,0.0,-0.06666667,False
CDH16,MUC1,AND,18,0.0,0.0,0.00013071895,0.0,0.00079176563,0.06817654,uterus,ciliated epithelial cell,0.06817654,uterus,ciliated epithelial cell,2,317,2,317,0.0,-0.06817654,False
TMEFF2,CD70,AND,18,0.0,0.0,0.001326408,0.0,0.0019157088,0.071969695,endocrine gland,neuro-medullary thymic epithelial cell,0.071969695,endocrine gland,neuro-medullary thymic epithelial cell,2,112,2,112,0.0,-0.071969695,False
FOLH1,MSLN,AND,18,0.0,0.0,0.0031238135,0.0,0.0051020407,0.08,respiratory system,basal cell,0.08,respiratory system,basal cell,5,10003,5,10003,0.0,-0.08,False
STEAP2,GRPR,AND,18,0.0,0.0,0.01712582,0.0,0.008888889,0.087584466,pancreas,pancreatic acinar cell,0.087584466,pancreas,pancreatic acinar cell,2,5482,2,5482,0.0,-0.087584466,False
TMPRSS2,CDH16,AND,18,0.0,0.0,0.00030853593,0.0,0.03448276,0.09275363,small intestine,paneth cell of epithelium of small intestine,0.09275363,small intestine,paneth cell of epithelium of small intestine,5,1657,5,1657,0.0,-0.09275363,False
CD70,DLL3,AND,18,0.0,0.0,0.0,0.0,0.0,0.1,tongue,taste receptor cell,0.1,tongue,taste receptor cell,2,29,2,29,0.0,-0.1,False
NECTIN4,CD70,AND,18,0.0,0.0,0.0014630015,0.0,0.0015625,0.1,tongue,taste receptor cell,0.1,tongue,taste receptor cell,2,29,2,29,0.0,-0.1,False
FOLH1,CDH16,AND,18,0.0,0.0,7.159221e-05,0.0,0.0023094688,0.104347825,small intestine,paneth cell of epithelium of small intestine,0.104347825,small intestine,paneth cell of epithelium of small intestine,5,1657,5,1657,0.0,-0.104347825,False
GRPR,CD276,AND,18,0.0,0.0,0.008969616,0.0,0.0,0.10706632,pancreas,pancreatic acinar cell,0.10706632,pancreas,pancreatic acinar cell,2,5482,2,5482,0.0,-0.10706632,False
MME,CDH16,AND,18,0.0,0.0,0.00010622477,0.0,0.03448276,0.10724638,small intestine,paneth cell of epithelium of small intestine,0.10724638,small intestine,paneth cell of epithelium of small intestine,5,1657,5,1657,0.0,-0.10724638,False
EPCAM,CDH16,AND,18,0.0,0.0,0.00030853593,0.0,0.03448276,0.10724638,small intestine,paneth cell of epithelium of small intestine,0.10724638,small intestine,paneth cell of epithelium of small intestine,5,1657,5,1657,0.0,-0.10724638,False
MME,FOLR1,AND,18,0.0,0.0,0.0012397119,0.014547988,0.06896552,0.1111377,lung,macrophage,0.1111377,lung,macrophage,4,16341,4,16341,-0.014547988,-0.1111377,False
TMEFF2,MUC1,AND,18,0.0,0.022246271,0.033353776,0.0012004948,0.015957447,0.13695867,lung,pulmonary alveolar type 1 cell,0.13695867,lung,pulmonary alveolar type 1 cell,4,3046,4,3046,0.021045776,-0.1147124,False
TMEFF2,MSLN,AND,18,0.0,0.0,0.0023958997,0.0,0.0051020407,0.11764706,musculature,epithelial cell,0.11764706,musculature,epithelial cell,2,48,2,48,0.0,-0.11764706,False
ADAM9,CDH16,AND,18,0.0,0.0,0.00017781698,0.0,0.03448276,0.12490754,tongue,stratified squamous epithelial cell,0.12490754,tongue,stratified squamous epithelial cell,4,12251,4,12251,0.0,-0.12490754,False
ADAM9,CD70,AND,18,0.0,0.0,0.0018231448,0.0,0.006849315,0.12631579,tongue,taste receptor cell,0.12631579,tongue,taste receptor cell,2,29,2,29,0.0,-0.12631579,False
CDH1,CD70,AND,18,0.0,0.0,0.0025353956,0.0,0.003717472,0.12631579,tongue,taste receptor cell,0.12631579,tongue,taste receptor cell,2,29,2,29,0.0,-0.12631579,False
TMEFF2,FOLR1,AND,18,0.0,0.0,0.00046943242,0.0,0.005319149,0.1300546,lung,pulmonary alveolar type 1 cell,0.1300546,lung,pulmonary alveolar type 1 cell,4,3046,4,3046,0.0,-0.1300546,False
GRPR,ADAM9,AND,18,0.0,0.0,0.012235509,0.0,0.008888889,0.14481483,pancreas,pancreatic acinar cell,0.14481483,pancreas,pancreatic acinar cell,2,5482,2,5482,0.0,-0.14481483,False
DLL3,ERBB2,AND,18,0.0,0.0050747865,0.015120981,0.0015247703,0.01369863,0.15,tongue,taste receptor cell,0.15,tongue,taste receptor cell,2,29,2,29,0.0035500163,-0.14492522,False
ADAM9,DLL3,AND,18,0.0,0.0046296297,0.024246413,0.00088399055,0.026666667,0.15,tongue,taste receptor cell,0.15,tongue,taste receptor cell,2,29,2,29,0.0037456392,-0.14537038,False
FOLH1,CEACAM5,AND,18,0.0,0.0,0.0014925828,0.0,0.003125,0.14925373,respiratory system,mucus secreting cell,0.14925373,respiratory system,mucus secreting cell,5,269,5,269,0.0,-0.14925373,False
TACSTD2,CD70,AND,18,0.0,0.0,0.002357333,0.0,0.006849315,0.15178572,tongue,regulatory T cell,0.15178572,tongue,regulatory T cell,2,88,2,88,0.0,-0.15178572,False
CEACAM5,FOLR1,AND,18,0.0,0.0,0.0011111111,0.0,0.01847575,0.15441394,lung,club cell,0.15441394,lung,club cell,4,1722,4,1722,0.0,-0.15441394,False
GRPR,ERBB2,AND,18,0.0,0.0,0.010745342,0.0,0.0044444446,0.1545309,pancreas,pancreatic acinar cell,0.1545309,pancreas,pancreatic acinar cell,2,5482,2,5482,0.0,-0.1545309,False
MME,MSLN,AND,18,0.0,0.0,0.0013901116,0.009326477,0.09090909,0.20875303,prostate gland,basal cell of prostate epithelium,0.15934066,small intestine,"BEST4+ intestinal epithelial cell, human",5,877,3,3440,-0.009326477,-0.15934066,False
CEACAM5,CD276,AND,18,0.0,0.0,0.0028138068,0.0,0.016166281,0.16666667,respiratory system,basal cell,0.16666667,respiratory system,basal cell,5,10003,5,10003,0.0,-0.16666667,False
CD276,MSLN,AND,18,0.0,0.0,0.0010646692,0.0055617355,0.043879908,0.17559524,respiratory system,basal cell,0.17559524,respiratory system,basal cell,5,10003,5,10003,-0.0055617355,-0.17559524,False
TACSTD2,DLL3,AND,18,0.0,0.018620688,0.02963283,0.0039322414,0.04,0.2,tongue,taste receptor cell,0.2,tongue,taste receptor cell,2,29,2,29,0.014688447,-0.18137932,False
CD46,DLL3,AND,18,0.0,0.018620688,0.029131684,0.004202254,0.053333335,0.2,tongue,taste receptor cell,0.2,tongue,taste receptor cell,2,29,2,29,0.014418434,-0.18137932,False
CDH1,DLL3,AND,18,0.0,0.016312998,0.02537574,0.0032480108,0.026666667,0.2,tongue,taste receptor cell,0.2,tongue,taste receptor cell,2,29,2,29,0.013064987,-0.183687,False
NECTIN4,DLL3,AND,18,0.0,0.0,0.009909168,0.0,0.0063965884,0.2,tongue,taste receptor cell,0.2,tongue,taste receptor cell,2,29,2,29,0.0,-0.2,False
ERBB2,CDH16,AND,18,0.0,0.0,7.159221e-05,0.0,0.03448276,0.20037775,tongue,stratified squamous epithelial cell,0.20037775,tongue,stratified squamous epithelial cell,4,12251,4,12251,0.0,-0.20037775,False
STEAP2,CEACAM5,AND,18,0.0,0.0,0.0025150778,0.0027727364,0.03926097,0.20139767,lung,respiratory goblet cell,0.20139767,lung,respiratory goblet cell,4,978,4,978,-0.0027727364,-0.20139767,False
CD46,CD70,AND,18,0.0,0.0,0.0025353956,0.0,0.0046875,0.20402873,lymph node,plasma cell,0.20402873,lymph node,plasma cell,6,3609,6,3609,0.0,-0.20402873,False
CEACAM5,MME,AND,18,0.0,0.0,0.0015826616,0.0,0.011547344,0.20930232,small intestine,"BEST4+ intestinal epithelial cell, human",0.20930232,small intestine,"BEST4+ intestinal epithelial cell, human",5,877,5,877,0.0,-0.20930232,False
GRPR,TACSTD2,AND,18,0.0,0.0,0.017289052,0.0,0.008888889,0.21018463,pancreas,pancreatic acinar cell,0.21018463,pancreas,pancreatic acinar cell,2,5482,2,5482,0.0,-0.21018463,False
CD46,CDH16,AND,18,0.0,0.0,0.00030853593,0.0,0.03448276,0.21774405,tongue,stratified squamous epithelial cell,0.21774405,tongue,stratified squamous epithelial cell,4,12251,4,12251,0.0,-0.21774405,False
STEAP1,CEACAM5,AND,18,0.0,0.0,0.0025731067,0.0017123288,0.04157044,0.21822257,lung,respiratory goblet cell,0.21822257,lung,respiratory goblet cell,4,978,4,978,-0.0017123288,-0.21822257,False
STEAP4,CEACAM5,AND,18,0.0,0.0,0.0020435273,0.002688172,0.053117782,0.2195122,respiratory system,mucus secreting cell,0.2195122,respiratory system,mucus secreting cell,5,269,5,269,-0.002688172,-0.2195122,False
NECTIN4,CDH16,AND,18,0.0,0.0,0.00010622477,0.0,0.0023094688,0.2235713,tongue,stratified squamous epithelial cell,0.2235713,tongue,stratified squamous epithelial cell,4,12251,4,12251,0.0,-0.2235713,False
PSCA,CEACAM5,AND,18,0.0,0.0,0.0015826616,0.002688172,0.06004619,0.23504746,lung,respiratory goblet cell,0.23504746,lung,respiratory goblet cell,4,978,4,978,-0.002688172,-0.23504746,False
CDH1,CDH16,AND,18,0.0,0.0,0.00030853593,0.0,0.03448276,0.2357325,tongue,stratified squamous epithelial cell,0.2357325,tongue,stratified squamous epithelial cell,4,12251,4,12251,0.0,-0.2357325,False
HPN,MSLN,AND,18,0.0,0.0,0.0028921631,0.0,0.0066115703,0.24742268,ovary,glandular epithelial cell,0.24742268,ovary,glandular epithelial cell,3,232,3,232,0.0,-0.24742268,False
TACSTD2,CDH16,AND,18,0.0,0.0,0.00030853593,0.0,0.03448276,0.24748582,tongue,stratified squamous epithelial cell,0.24748582,tongue,stratified squamous epithelial cell,4,12251,4,12251,0.0,-0.24748582,False
CD276,MUC1,AND,18,0.0,0.041514043,0.059632406,0.028362677,0.08812261,0.29268292,respiratory system,mucus secreting cell,0.29268292,respiratory system,mucus secreting cell,5,269,5,269,0.013151366,-0.25116888,False
PSCA,MME,AND,18,0.0,0.05645477,0.07788893,0.04426931,0.18151815,0.31125748,bladder organ,bladder urothelial cell,0.31125748,bladder organ,bladder urothelial cell,6,26663,6,26663,0.012185462,-0.2548027,False
TMPRSS2,GRPR,AND,18,0.0,0.0,0.017160453,0.0,0.008888889,0.2715751,pancreas,pancreatic acinar cell,0.2715751,pancreas,pancreatic acinar cell,2,5482,2,5482,0.0,-0.2715751,False
CEACAM5,NECTIN4,AND,18,0.0,0.0,0.0017026956,0.002688172,0.06235566,0.27380952,respiratory system,basal cell,0.27380952,respiratory system,basal cell,5,10003,5,10003,-0.002688172,-0.27380952,False
GRPR,MUC1,AND,18,0.0,0.0,0.0014748904,0.0,0.0,0.27497727,pancreas,pancreatic acinar cell,0.27497727,pancreas,pancreatic acinar cell,2,5482,2,5482,0.0,-0.27497727,False
GRPR,EPCAM,AND,18,0.0,0.0,0.017289052,0.0,0.008888889,0.27585876,pancreas,pancreatic acinar cell,0.27585876,pancreas,pancreatic acinar cell,2,5482,2,5482,0.0,-0.27585876,False
GRPR,CD46,AND,18,0.0,0.0,0.016703058,0.0,0.008888889,0.2789991,pancreas,pancreatic acinar cell,0.2789991,pancreas,pancreatic acinar cell,2,5482,2,5482,0.0,-0.2789991,False
HPN,GRPR,AND,18,0.0,0.0,0.016463768,0.0,0.008888889,0.2817632,pancreas,pancreatic acinar cell,0.2817632,pancreas,pancreatic acinar cell,2,5482,2,5482,0.0,-0.2817632,False
GRPR,CDH1,AND,18,0.0,0.0,0.014850721,0.0,0.0044444446,0.2880494,pancreas,pancreatic acinar cell,0.2880494,pancreas,pancreatic acinar cell,2,5482,2,5482,0.0,-0.2880494,False
NECTIN4,MSLN,AND,18,0.0,0.0,0.0013729773,0.017783832,0.17090069,0.3125,eye,corneal epithelial cell,0.3125,eye,corneal epithelial cell,3,4179,3,4179,-0.017783832,-0.3125,False
CEACAM5,ERBB2,AND,18,0.0,0.0,0.0031546382,0.002688172,0.05773672,0.3137255,colon,enterocyte of epithelium of large intestine,0.3137255,colon,enterocyte of epithelium of large intestine,3,3666,3,3666,-0.002688172,-0.3137255,False
CD276,FOLR1,AND,18,0.0,0.0,0.0011111111,0.008574352,0.027713627,0.33333334,respiratory system,mucus secreting cell,0.33333334,respiratory system,mucus secreting cell,5,269,5,269,-0.008574352,-0.33333334,False
STEAP1,MSLN,AND,18,0.0,0.0,0.004082258,0.009366433,0.11778291,0.34973627,lung,respiratory goblet cell,0.34973627,lung,respiratory goblet cell,4,978,4,978,-0.009366433,-0.34973627,False
FOLH1,FOLR1,AND,18,0.0,0.0,0.0023661677,0.0,0.0039588283,0.35011005,tongue,salivary gland cell,0.35011005,tongue,salivary gland cell,2,734,2,734,0.0,-0.35011005,False
STEAP2,MSLN,AND,18,0.0,0.0,0.0040577636,0.016567992,0.12702079,0.3666433,lung,respiratory goblet cell,0.3666433,lung,respiratory goblet cell,4,978,4,978,-0.016567992,-0.3666433,False
STEAP1,FOLR1,AND,18,0.0,0.0,0.003477279,0.020912271,0.10344828,0.38419282,lung,respiratory goblet cell,0.38419282,lung,respiratory goblet cell,4,978,4,978,-0.020912271,-0.38419282,False
PSCA,MSLN,AND,18,0.0,0.0,0.00093395024,0.023480553,0.16859505,0.38846254,lung,respiratory goblet cell,0.38846254,lung,respiratory goblet cell,4,978,4,978,-0.023480553,-0.38846254,False
TMPRSS2,MSLN,AND,18,0.0,0.0,0.003927045,0.016446441,0.12702079,0.42826086,colon,"BEST4+ intestinal epithelial cell, human",0.42826086,colon,"BEST4+ intestinal epithelial cell, human",4,1090,4,1090,-0.016446441,-0.42826086,False
PSCA,FOLR1,AND,18,0.0,0.0,0.0011111111,0.016275315,0.06928407,0.4436192,lung,respiratory goblet cell,0.4436192,lung,respiratory goblet cell,4,978,4,978,-0.016275315,-0.4436192,False
MSLN,ERBB2,AND,18,0.0,0.0,0.0012106324,0.018440941,0.1778291,0.45360824,ovary,glandular epithelial cell,0.45360824,ovary,glandular epithelial cell,3,232,3,232,-0.018440941,-0.45360824,False
HPN,FOLR1,AND,18,0.0,0.0,0.00046943242,0.0023829031,0.06896552,0.47162098,lung,pulmonary alveolar type 2 cell,0.47162098,lung,pulmonary alveolar type 2 cell,4,10845,4,10845,-0.0023829031,-0.47162098,False
STEAP2,FOLR1,AND,18,0.0,0.0,0.0023661677,0.021690188,0.10344828,0.4878049,respiratory system,mucus secreting cell,0.4878049,respiratory system,mucus secreting cell,5,269,5,269,-0.021690188,-0.4878049,False
CEACAM5,MSLN,AND,18,0.0,0.0,0.0,0.000698324,0.06004619,0.49658385,colon,"BEST4+ intestinal epithelial cell, human",0.49658385,colon,"BEST4+ intestinal epithelial cell, human",4,1090,4,1090,-0.000698324,-0.49658385,False
STEAP4,MSLN,AND,18,0.0,0.0,0.003345513,0.011075228,0.12561983,0.503452,lung,respiratory goblet cell,0.503452,lung,respiratory goblet cell,4,978,4,978,-0.011075228,-0.503452,False
NECTIN4,MUC1,AND,18,0.0,0.04143773,0.0665758,0.08358259,0.25289255,0.59790134,bladder organ,bladder urothelial cell,0.59790134,bladder organ,bladder urothelial cell,6,26663,6,26663,-0.042144857,-0.5564636,False
NECTIN4,FOLR1,AND,18,0.0,0.0,0.00075075077,0.021150015,0.07852194,0.5833333,respiratory system,mucus secreting cell,0.5833333,respiratory system,mucus secreting cell,5,269,5,269,-0.021150015,-0.5833333,False
CEACAM5,ADAM9,AND,18,0.0,0.0,0.0021742461,0.0,0.053117782,0.5833334,skin of body,sebum secreting cell,0.5833334,skin of body,sebum secreting cell,2,65,2,65,0.0,-0.5833334,False
CEACAM5,MUC1,AND,18,0.0,0.0,0.0023843588,0.0034246575,0.064665124,0.5895954,colon,intestinal crypt stem cell of colon,0.5895954,colon,intestinal crypt stem cell of colon,3,1703,3,1703,-0.0034246575,-0.5895954,False
CEACAM5,CD46,AND,18,0.0,0.0,0.003626189,0.004382512,0.06235566,0.5964912,skin of body,sebum secreting cell,0.5964912,skin of body,sebum secreting cell,2,65,2,65,-0.004382512,-0.5964912,False
TACSTD2,CEACAM5,AND,18,0.0,0.0,0.003626189,0.0034246575,0.064665124,0.6096491,skin of body,sebum secreting cell,0.6096491,skin of body,sebum secreting cell,2,65,2,65,-0.0034246575,-0.6096491,False
ADAM9,MSLN,AND,18,0.0,0.0,0.0021820306,0.015124326,0.15011548,0.6185567,ovary,glandular epithelial cell,0.6185567,ovary,glandular epithelial cell,3,232,3,232,-0.015124326,-0.6185567,False
TMPRSS2,CEACAM5,AND,18,0.0,0.0,0.0025150778,0.0017123288,0.03926097,0.7162018,colon,"BEST4+ intestinal epithelial cell, human",0.7162018,colon,"BEST4+ intestinal epithelial cell, human",4,1090,4,1090,-0.0017123288,-0.7162018,False
TMPRSS2,FOLR1,AND,18,0.0,0.0,0.002025336,0.024286084,0.085450344,0.730548,lung,pulmonary alveolar type 2 cell,0.730548,lung,pulmonary alveolar type 2 cell,4,10845,4,10845,-0.024286084,-0.730548,False
STEAP4,FOLR1,AND,18,0.0,0.0,0.0023661677,0.0173547,0.06928407,0.73596644,lung,pulmonary alveolar type 2 cell,0.73596644,lung,pulmonary alveolar type 2 cell,4,10845,4,10845,-0.0173547,-0.73596644,False
FOLR1,ERBB2,AND,18,0.0,0.0,0.0022026934,0.024741404,0.13793103,0.7362889,lung,club cell,0.7362889,lung,club cell,4,1722,4,1722,-0.024741404,-0.7362889,False
ADAM9,FOLR1,AND,18,0.0,0.0,0.0014868162,0.023435185,0.10344828,0.75609756,respiratory system,mucus secreting cell,0.75609756,respiratory system,mucus secreting cell,5,269,5,269,-0.023435185,-0.75609756,False
CEACAM5,CDH1,AND,18,0.0,0.0,0.003626189,0.004382512,0.055427253,0.7716776,colon,"BEST4+ intestinal epithelial cell, human",0.7716776,colon,"BEST4+ intestinal epithelial cell, human",4,1090,4,1090,-0.004382512,-0.7716776,False
EPCAM,CEACAM5,AND,18,0.0,0.0,0.003626189,0.004382512,0.05773672,0.7955291,colon,"BEST4+ intestinal epithelial cell, human",0.7955291,colon,"BEST4+ intestinal epithelial cell, human",4,1090,4,1090,-0.004382512,-0.7955291,False
CDH1,MSLN,AND,18,0.0,0.0,0.00309472,0.028770838,0.1778291,0.8,ovary,glandular epithelial cell,0.8,ovary,glandular epithelial cell,3,232,3,232,-0.028770838,-0.8,False
CD46,MSLN,AND,18,0.0,0.0,0.0033316638,0.030850388,0.21709007,0.8,ovary,glandular epithelial cell,0.8,ovary,glandular epithelial cell,3,232,3,232,-0.030850388,-0.8,False
FOLR1,MSLN,AND,18,0.0,0.0,0.0,0.009891313,0.085450344,0.8,ovary,glandular epithelial cell,0.8,ovary,glandular epithelial cell,3,232,3,232,-0.009891313,-0.8,False
EPCAM,MSLN,AND,18,0.0,0.0,0.0033316638,0.027554529,0.19168591,0.8,ovary,glandular epithelial cell,0.8,ovary,glandular epithelial cell,3,232,3,232,-0.027554529,-0.8,False
MSLN,MUC1,AND,18,0.0,0.0,0.0007332072,0.021212492,0.20554273,0.82474226,ovary,glandular epithelial cell,0.82474226,ovary,glandular epithelial cell,3,232,3,232,-0.021212492,-0.82474226,False
CD46,FOLR1,AND,18,0.0,0.0,0.003477279,0.03971175,0.12702079,0.8325143,lung,club cell,0.8325143,lung,club cell,4,1722,4,1722,-0.03971175,-0.8325143,False
TACSTD2,MSLN,AND,18,0.0,0.0,0.0035909836,0.032652337,0.23787528,0.8556701,ovary,glandular epithelial cell,0.8556701,ovary,glandular epithelial cell,3,232,3,232,-0.032652337,-0.8556701,False
TACSTD2,FOLR1,AND,18,0.0,0.0,0.003477279,0.041058976,0.13793103,0.87622166,lung,club cell,0.87622166,lung,club cell,4,1722,4,1722,-0.041058976,-0.87622166,False
CDH1,FOLR1,AND,18,0.0,0.0,0.0031364472,0.03249362,0.108545035,0.886896,lung,club cell,0.886896,lung,club cell,4,1722,4,1722,-0.03249362,-0.886896,False
EPCAM,FOLR1,AND,18,0.0,0.0,0.0031364472,0.037567206,0.11778291,0.8945673,lung,club cell,0.8945673,lung,club cell,4,1722,4,1722,-0.037567206,-0.8945673,False
FOLR1,MUC1,AND,18,0.0,0.0,0.0018967353,0.023005825,0.1039261,0.9230958,lung,club cell,0.9230958,lung,club cell,4,1722,4,1722,-0.023005825,-0.9230958,False
